category,displayName.text,formattedAddress,rating,id,types,userRatingCount,internationalPhoneNumber,googleMapsUri,websiteUri,photo_url,latitude,longitude
venue,Aanantya AC Banquet Hall,"behind JMB Capitol, Ximer, Khorlim, Mapusa, Goa 403507, India",4.7,ChIJIyUonS7rvzsRCeK_hjXh1SY,wedding,385,+91 86051 16400,https://maps.google.com/?cid=2798390363490869769,https://aanantyabanquethall.com/,https://lh3.googleusercontent.com/places/ANXAkqH6DKVxgBMzt91VT2KudsoUsS33gBEyJHyzj4krQAOmXqR_-S3C26s1RzIEGUVEMWdy_euJqMU6K4scIFPZ_uIQsoxYG4Orhgo=s1600-w400,15.5908307,73.8059143
venue,Silver Bells Wedding Venue,"off, the Highway, Alto Porvorim, Porvorim, Sangolda, Goa 403001, India",4.6,ChIJNUgf6ZzqvzsRsnf1zzpZPRI,wedding,1782,+91 98221 81222,https://maps.google.com/?cid=1314304775393998770,https://www.weddingvenuesingoa.com/,https://lh3.googleusercontent.com/place-photos/ADOriq04VeXNbBJ0Dc65lTGNPZAtE6vpUj1vgvHxws1gidXm4luzKh4FjIfDI4qd-KvOFLWhccAawsf4KX4T32HQz42qcChd6mNDwcY4v5t6h-gvK3ncnUhmDiP4IJZlOI-MMNkIJ3QCze9FBL4JWSs=s1600-w400,15.552283,73.8081795
venue,Golden Orchid,"Duler Ground Rd, near Severina, Mapusa, Goa 403507, India",4.4,ChIJIaSlMhfrvzsRUqMogpGlBrU,wedding,478,+91 88887 00444,https://maps.google.com/?cid=13044295415097762642,https://www.thegoldenorchid.com/,https://lh3.googleusercontent.com/places/ANXAkqHOGu0TdlFIQrx8rk3YJsTvYwOsO7Lp1kga1j2dohfWd9_K07AcZLw3hf_Tjx4kFNcovDcykNlz2hAPCqqwYbHMnAXyUTg7lQ=s1600-w400,15.6071801,73.8130494
venue,Dos Equis Exotic Lounge,"Arrao Road, Olaulim-Pomburpa, Bardez, Goa 403523, India",4.2,ChIJ_xpUbEOVvzsR3_oDhAvxol4,wedding,221,+91 90490 20542,https://maps.google.com/?cid=6819277817554139871,https://m.facebook.com/dosequis.weddingvenue/,https://lh3.googleusercontent.com/place-photos/ADOriq0GLphgXVnNYlXVf2gCKT-29aG9ySevQoGJAFfpzA3wi0ALdAmiqF_hn1HsmTZIRITRC1lT2uU0OeVbMhHchqQ_CQcx1ehNAgvx48kdXrL1O0e9UAYKbYtH-Ji9JV9D2bEHgEh-sADyoK8CMw=s1600-w400,15.5660232,73.860802
venue,Penha-De-Franca Open Air Venue,"GR5V+C7M, Alto Porvorim, Penha de Franc, Goa 403101, India",4.5,ChIJ_WgHi4C_vzsRPE6-QveupNI,wedding,595,+91 832 241 2791,https://maps.google.com/?cid=15178449021145337404,NAN,https://lh3.googleusercontent.com/place-photos/ADOriq18K4CYTsrpHmfJLeUdlT2s4rbxdhm2lq04kMPIkIXLqjh3lCDfP6k0Zo5NPpIbfCzqtrNIUeXYe5L0T-H5XZrIOjoHXGLmxqjS87hwU1tm-QKPxOaXCIXaYIxE2b9ucCFTyuZsZXaFXtRo3Q=s1600-w400,15.5085976,73.8431678
venue,Arpora Hills - Best Event Venue in Goa/Open Air Wedding Venue in Goa,"Arpora Hills, Arpora, Calangute, Goa 403516, India",4.7,ChIJVxNvfYPrvzsR0kE07RcaYX4,wedding,117,+91 88883 33087,https://maps.google.com/?cid=9106588611586048466,https://www.arporahills.com/,https://lh3.googleusercontent.com/places/ANXAkqFHl8Yrx_qpxLBsjkgAkWWhaiEoSgX4d9EhpLTmuOa9WBz86D6tkIAqFv94m_cV7_qmsowY9CDe_DR6iPWphkLP8IKLf3QPSC8=s1600-w400,15.5747054,73.7678489
venue,Cotta Mansion - The Indo Portuguese Heritage Venue,"H.No. 734, Malwara, AGACAIM. P.O. St. Lourenco. GOA 403204, Pequeno Mercurim, Aga√ßaim, Goa 403104, India",4.3,ChIJVVVVVQ65vzsRzc_CBfR2EVE,wedding,327,+91 96231 37989,https://maps.google.com/?cid=5841580982116995021,NAN,https://lh3.googleusercontent.com/place-photos/ADOriq3jgPBMWJlfnFZP1MVpUEkI2JA8wPE5V9FE7WSYED8NFY0ru_2qfp73Z8bm8TG96zYVHRnMOQKbY1X-uaC59MlVLc6dyErI_A2xAwnM9autT5NcRUesTWH445GPlGWplX28ZA4nwWZ9iReL=s1600-w400,15.4333282,73.8963604
venue,The Venue,"Off, Bishop Rebello Road, near SGPDA Market Complex, opposite ravindra bhavan, Fatorda, Madgaon, Goa 403601, India",4.6,ChIJP6RNxd-zvzsRIq5FLr7d09o,corporate,269,+91 98508 87825,https://maps.google.com/?cid=15768190529244081698,NAN,https://lh3.googleusercontent.com/place-photos/ADOriq0tOnI8rUbQQJl9h_3ljFzyexEvtPyN-DoDZg986E_QfgGueN5u8KccXVxf9PiELuKwZUPqHvoWVxk96s1HH9bEuI270lkAGLtr7p5353axdl-8FekGrJvGxCw2r3B_oLmDtVf--21eyVpH1g=s1600-w400,15.2852831,73.9604045
venue,Quinta de Valadares,"Quality Farms, Road, off NH 17 Bypass, Cansaulim, Verna, Goa 403722, India",4.4,ChIJOQxmNzi3vzsR2Mn2XQk0ZPo,wedding,947,+91 98221 77179,https://maps.google.com/?cid=18042603221988854232,NAN,https://lh3.googleusercontent.com/place-photos/ADOriq3-8uADCnHmucw9UX59UQl9b8s8kbuKeSvqJKWtW17cA75sZwaylgW8_kaky-Ckz1s9MK8MFHaSvtB3VEZ5LVX9dp8wJtpCok9wdfpgoYLOzbrAT5DqXrdjaQlbpIpfZHMmIk3ZbgACiWPmGA=s1600-w400,15.350751,73.923
venue,Lalit Garden Open Air Venue,"Ambaulim Cuncolim Road Ambaulim, Quepem, Goa 403705, India",4.2,ChIJ7Y_MKgFTvjsR_5SUW6zhHFQ,birthday,30,+91 94038 49404,https://maps.google.com/?cid=6060967328920933631,NAN,https://lh3.googleusercontent.com/places/ANXAkqHXEZ4d7iHblLjOZFcrF0ebj-R7FisgXGhFktONxIm--Ht_oy3YUsTKjxLxcbjNGCCQ8TFgccjC0PEzFoYCsWoQra5VdY3agKU=s1600-w400,15.19487,74.0522385
venue,GOD'S GARDEN WEDDINGS VENUE,"8WRP+GJG, Road to udear spring Ambulor, near ambulor lake, Verna, Goa 403722, India",4.2,ChIJPzaC56WxvzsRZ-UAgSkZdoc,wedding,167,+91 86058 30212,https://maps.google.com/?cid=9761016908420801895,NAN,https://lh3.googleusercontent.com/places/ANXAkqGnd9_DX94ymlUZR40VXwgOTPo9cUVSyVygCyeqrYPk7n8JQhFzJ8zdRsOe76dMo8rvovLdBJxK2RJRdMQJ6DAvd1_jkY47RAk=s1600-w400,15.3432736,73.9392279
venue,Old Heritage Open Air Venue,"Pilar - Neura Road, Pilar Old Goa Rd, Near Sulabhat Lake, Aga√ßaim, Goa 403402, India",4.3,ChIJ33N8gxe5vzsRU4Y5j61TiJk,wedding,773,+91 98221 02565,https://maps.google.com/?cid=11063184489532982867,NAN,https://lh3.googleusercontent.com/places/ANXAkqHMzu_CY5tP92cIAwOEY96VEpj0Jdm28tEQWEeju7wRT2TdwWj8u1iV0mv32EFvpRGxHKIamjG2eFp8tValxgVLWCs6AYraY1s=s1600-w400,15.4395644,73.9012903
venue,Coco Loco Lawns,"Merkuri, Aga√ßaim, Goa 403104, India",4.3,ChIJR6GBsQW5vzsRTPjnNw1_UBI,birthday,391,+91 98221 23169,https://maps.google.com/?cid=1319694385568806988,NAN,https://lh3.googleusercontent.com/place-photos/ADOriq1b9pWxLPLxPoJABE4WCm3yhK7SR0Ahd6bi6MixJJYc3pEsr-fSPf6iAB_V1wMnP9jn2LbGbXv-d-4hXjo4iQxBFarnyQrFk8VpAj32-ym7zO3_VC3cGOkGjDX-PZdtMNi7hhWMgCfAwjlRDo4=s1600-w400,15.4266437,73.8976542
venue,Hills View A Royal Open Air Venue,"near BSNL Inspection Quarters, behind Vernekar Bar and Restaurant, Cabesa Ward, Bambolim, Santa Cruz, Goa 403202, India",4.7,ChIJmzkr7j65vzsRuN8j6OjIXAM,wedding,32,+91 79723 96879,https://maps.google.com/?cid=242289382623797176,NAN,https://lh3.googleusercontent.com/place-photos/ADOriq3JY26Am_7av2ByMpv4DMS2fXW1l3sGo1LG1rrGdFt5MaUEuxkHPfUqsRViPrjn9EmLHT-lt3dIvOUBTJm6NV5a-7xEBWG6FyfLbN2iJq2vY1nOI-vlkQ64pHOVOpvS4HuEa6ayMdPz-6Y0qA=s1600-w400,15.4607643,73.850636
venue,Blueberry Hill,"Blueberry Hill, NH17B, Airport Rd, Verna, Cortalim, Goa 403722, India",4.3,ChIJa_FrhDa3vzsRZTM3vTLDq9w,wedding,909,+91 8408073312,https://maps.google.com/?cid=15901017532051960677,NAN,https://lh3.googleusercontent.com/place-photos/ADOriq0DILi3hStEARp3izM-1OTtGCNssy7npl0jL_8YtbAefJsQVgSb26JXzb-PaRLWmZVPu7tWlwh1HW7LCnZlCmoShX3OBZOEYKd6wi0V8zK5lYn65E7z-dU-IhNVbTy5_2_csG6HZDK_toSiqzg=s1600-w400,15.3767057,73.9174278
venue,Grand Celebrations Banquet Hall,"E BLOCK PONDA AGRI BAZAR COMPLEX, Ponda, Goa 403401, India",4.5,ChIJZVTOT6-7vzsRn1PuV_TF8B8,wedding,262,+91 83789 72573,https://maps.google.com/?cid=2301557062824252319,NAN,https://lh3.googleusercontent.com/places/ANXAkqHEzOlLNkjuebc2PxBlt1pzMbGVJf8nUqVz-v45rMEIfTGxp7F3IVkScO__JzHiscqI3rGbIAqTOeOCYl4LlNYT_DhJ66xogdc=s1600-w400,15.3995955,74.0180044
venue,Costa‚Äôs Countryside,"Varca, Goa 403721, India",4.6,ChIJ4_Rtmtm1vzsR4D5h4KlLRdU,birthday,409,+91 87999 80631,https://maps.google.com/?cid=15367772496457711328,https://costascountryside.in/,https://lh3.googleusercontent.com/places/ANXAkqFXkRFnPItsn5HG7QSzEmNUZihV5V1VeFMkRadMii4SJsMNKNxYnqaX4CyfcTGy7umqxccHrdwTytGQZl2W-B7KjGhw3JJYNA=s1600-w400,15.2340065,73.9322958
venue,Livramento Open Air Venue,"Panchayat Building, St. Ann's School Road, Near, Danva Rd, Indira Nagar, Tivim, Goa 403502, India",5,ChIJ_1noO_KVvzsRCMIwRZBeqN0,birthday,11,+91 75071 69658,https://maps.google.com/?cid=15972120052198588936,NAN,https://lh3.googleusercontent.com/places/ANXAkqGNUpbVufXzPA9HHUcnBl3CwOHk4RaMtJlizyUxtapOFk4W5GbVMi-InWfb5yYtsRKj7JgzwDmHqZrXLQW8slvOYwDQ_X-uUyY=s1600-w400,15.6226229,73.8561957
venue,Royal Courtyard Goa,"Opp : Montfort ITI / SYNGENTA, Corlim, Goa 403110, India",4.2,ChIJ8fOO7iC8vzsRG5CA8O8OS6A,corporate,535,+91 92269 07104,https://maps.google.com/?cid=11550342093016698907,NAN,https://lh3.googleusercontent.com/places/ANXAkqFT61a4iRYmckgdYs6VFiT8QVh2ikxO4ThS1EkFkv1K8tqCE9q9VgUAG6LhSEsGreNO_QHQORm2TPhPOyFfjN9ISxpX-JZFrco=s1600-w400,15.4939044,73.9377444
venue,Little Field,"Little Field, Caranzalem, Taleigao, Durgavado, Goa 403002, India",4.1,ChIJJ3yV3MjAvzsREu23XwP4-Os,birthday,264,+91 77740 48333,https://maps.google.com/?cid=17003613086511787282,http://www.goaweddingdirectory.com/little-field-wedding-hall-goa.php,https://lh3.googleusercontent.com/place-photos/ADOriq3MZqEnPQdTWivS46WmOqj1IB3BZzteE4V9gTDn8lY8aJouLOULFUOeGc5lyrRMZ8428EIPqxoNusR6S7kEezLqiVsOSbUvSztQMArHpRTmpMBA7fYhUf2cEul_j71rNHHZ62OgCw7fsWAbzdk=s1600-w400,15.4670045,73.8134121
venue,Don Joao Wedding and Banqueting Lawns,"Calangute-Mapusa Rd, Dias Vaddo, Nagoa, Bardez, Goa, 403516, India",4.2,ChIJ343IjHLqvzsRd7IVV4d3a_4,wedding,370,+91 77458 75566,https://maps.google.com/?cid=18332878131307065975,NAN,https://lh3.googleusercontent.com/places/ANXAkqED-xtgO9550C-GbPS4v_jSlbUElIvxDZY9ZCfpjoeOmxcHR-eQkwoQmgjLQTu1FA4JUuLHcdPPxVwl51I28mDX9ktsbJEEaBs=s1600-w400,15.556418,73.7745281
venue,Grand Gigi's,"Beach, road, behind Mobor beach, Cavelossim, Goa 403731, India",4.5,ChIJkdORgaFMvjsRUL6QvKcZvdw,corporate,321,+91 7249288364,https://maps.google.com/?cid=15905897667156295248,https://www.facebook.com/Ggsbeachbarandgrill/,https://lh3.googleusercontent.com/places/ANXAkqGqERbuL0vGnma2ZSPK7XfQdETMEW4hYkSWPq8uEF9ybCPmxmv04h7ON4-HznDklP4ro7unHK1ySj149voDjm5AYciBNbkCxzU=s1600-w400,15.1757722,73.9427247
venue,The White House,"Behind Livrament Chapel Arlem- Raia, goa, Goa 403720, India",4.3,ChIJxU2_LnexvzsR8_NceAyZePo,corporate,1125,+91 83295 73762,https://maps.google.com/?cid=18048343785525277683,NAN,https://lh3.googleusercontent.com/place-photos/ADOriq18RVTzpX01ygzNFs3yF-MCTaluTNf6xYTxFl1GP0kwbX3TvX2_swYvscUQMdGancqgruPsOCAE005Csn5imi3m62cY0Kz_VgsIUKa2CwqN7QQ10l5DH_9fQTRT0TN5ZDJE8jjQZHtb9ZPgw5Q=s1600-w400,15.303912,73.9781051
venue,Prince Open Air Hall,"Road To Salaulim Dam, Pajimol, Sanguem, Goa 403704, India",4.3,ChIJXVDu0yervzsRnH5-FtutYNM,wedding,220,+91 88068 05372,https://maps.google.com/?cid=15231365096253849244,https://instagram.com/prince_open_air_hall/,https://lh3.googleusercontent.com/places/ANXAkqESTuhqbqxwMt9OHpNRkdNj6gLwi42a4jI3d-9ncWXTa0cZN_-hgV4sBVvz3LBVuF1HL8HrbFmTlULLAtjMNXyiTTmeIGvs08E=s1600-w400,15.223343,74.167735
venue,Riviera Pool & party,"Orlim Rd, Orlim, Goa 403724, India",4.4,ChIJ78gV9dSzvzsRBWXORG7TZ2s,wedding,19,+91 80106 05746,https://maps.google.com/?cid=7739386955213726981,NAN,https://lh3.googleusercontent.com/places/ANXAkqHwz947o6VYdexClIW9pqntfrQ8Biw69snISgIKbsmcooQGX-22-TmWzVopwIVGff2VPj-32myCByOgI6oJR_lz2kVg1jPoZGU=s1600-w400,15.2198751,73.9571985
venue,Kesarval Gardens,"Verna Plateau, Cortalim, Verna, Goa 403710, India",3.9,ChIJfaO2hfy5vzsRp0b1gwqqyrs,wedding,1243,+91 93702 75563,https://maps.google.com/?cid=13531814992528361127,http://www.kesarval.com/,https://lh3.googleusercontent.com/places/ANXAkqHv1dZrbbCfLNLneWHvkr0-PfoCd3Y0rMMHqiTKa5fzAFsElqvGkd7J9aTYLAGVdCS4dWMBoDZ5TOxp4sZEXQYfEOmJKGcxNZs=s1600-w400,15.3809899,73.9260669
venue,Z Square Banquets Panaji,"1st floor and 4th Floor, Z Square Banquets, Hotel Ashok Plaza, Wolfango D, Silva Road, Panaji, Goa 403001, India",4.3,ChIJpz6YLyLBvzsROOvsuL1mGC0,wedding,119,+91 93099 14260,https://maps.google.com/?cid=3249460096185199416,https://zsquarebanquets.com/,https://lh3.googleusercontent.com/places/ANXAkqFrGcBA6sRHD04swfUcHrelklFksTbbH3GA9zsid797APXydJHF-xNJGxKYfNGEJUz3E7Nc5eBe3m8xpYFAo01I_qa9zOzh_g=s1600-w400,15.4970349,73.8239605
venue,Green Amaze,"Green Amaze, Gogol, Madgaon, Goa 403601, India",4.2,ChIJScrBldSzvzsRMsreGcUBTpo,corporate,416,+91 77091 75525,https://maps.google.com/?cid=11118826476078549554,NAN,https://lh3.googleusercontent.com/places/ANXAkqHYgGjiFIK12mNuRj3EzVBSI41T5aIl758KRglRb63yFtce-ee0TVsqR2JsgGoUvXQ3H2oxbFvXZxYd07hezp8i68LruDLk6Vg=s1600-w400,15.2843779,73.9814951
venue,Sun Grace Garden,"92RF+GW6, Bethora Industrial Estate, Betora, Goa 403401, India",4.2,ChIJk5zTLKy6vzsRCYgWf8rcd28,wedding,412,+91 2294923580,https://maps.google.com/?cid=8032131222712256521,NAN,https://lh3.googleusercontent.com/place-photos/ADOriq3tIT1w4hV8u2-dtbUUSKvb4H-V5H30fZLRhj00ezgNRRX1zNGBa_E_b8POCA7VAXuBTx0Pa7MjUsLYjShyO8Z9Xx9lwPPVFiX_pe_x0Imz-v-oxXxU6ZfikPwH6EhrlncofD7pJ1ZPCE4zLw=s1600-w400,15.3912978,74.0247809
venue,Mohidin's Gardenia - Banquet and Lawns,"next to Panchayat Football Ground, Holy Cross Colony, Chicalim, Vasco Da Gama, Goa 403711, India",4.3,ChIJZ40u7M-5vzsRHcAlxNbLpok,wedding,78,+91 83900 92870,https://maps.google.com/?cid=9918839352604344349,https://www.facebook.com/profile.php?id=100090625721458&mibextid=ZbWKwL,https://lh3.googleusercontent.com/places/ANXAkqGGKjCgIohjGZXNbVATlH80uocnQF8aktcnpFJkPoQa38qqLxSXRy3EY8CZC4EfhSmlZ04mBDVn1AZXxgKi3kUTUk-lLN71YbI=s1600-w400,15.3981294,73.845798
venue,Salle 59 Banquet Hall,"Navelcar Pride, NH - 4A Panaji-Old Goa Bypass Road, Chimbel, Panaji, Goa 403006, India",4.4,ChIJSeV7ZRq_vzsRDdHD-FLyJzw,wedding,439,+91 90219 02982,https://maps.google.com/?cid=4334699604542214413,https://salle59.com/,https://lh3.googleusercontent.com/places/ANXAkqEHBR4rcx4lzCVjMNM45w04X38XHCdUlheKWSy9PQHFVliQBxSeIWU0pVH2-oa5CT4uFPvUTJYNfHuEJZzXNXZta2bFq-BsgPI=s1600-w400,15.4957188,73.8794084
venue,The Village,"8XF2+6J6, Edapally - Panvel Hwy, Pateapur, Nuvem, Goa 403713, India",4.3,ChIJJTO26SSxvzsR048kge3Xs3s,wedding,633,+91 832 657 0573,https://maps.google.com/?cid=8913705502570221523,NAN,https://lh3.googleusercontent.com/place-photos/ADOriq2ic4SdxuYRT4YQsMvN3Odl36kK1CJFI-6FkJmgLaAVb9jBVEH0E0pUj5F_8rYCmoc-IocE1MVKW3RyoY9vU5gaYV8yhbPPsjrExU0b4ue9zhYWpwz9fPAC5S1zcpjvjJiZlPR18XVns95CVw=s1600-w400,15.3230415,73.95152
venue,Royal Gardens,"Bandfol Street, near saint sebestian chapel at Cuncolim, junction, Chinchinim, Goa 403715, India",4.6,ChIJx6UX0K2zvzsR3vl-lNipdUI,birthday,56,+91 97303 55321,https://maps.google.com/?cid=4788920526447770078,NAN,https://lh3.googleusercontent.com/places/ANXAkqGOrXXyR2y6wO1-a9Wle9w19MzEZN1R4z-yoUR9A50zICK2A4-50eDH8X41xD0CZtggh1gMO5-gzMugbg6XA57lnbtUgaJqumA=s1600-w400,15.2176253,73.9787391
venue,Velorian's By The River,"6XJ4+6RQ, Palkutt, Varca, Goa 403707, India",4.3,ChIJvYoGg3KzvzsR7M_CgNs7sqI,wedding,636,+91 97303 55321,https://maps.google.com/?cid=11723498593942949868,NAN,https://lh3.googleusercontent.com/place-photos/ADOriq2BJScxGhdU4HXnmJbzw2mFgZpTqfwgipRdIehtUwH-92wY8HtQLz1xZjOcVKXa7I4Fq9rusDIz9zNfzHiD8Pu9X3UUTazLEAuoI5j5Y1yW8Pgx0xy1TJRm0-RbMgP1hZ57ogvj1-kRn6s0Hg=s1600-w400,15.2305991,73.9571057
venue,Severina gardens,"1/103 Severina Gardens, Xelpem, Duler, Mapusa, Goa 403507, India",4.1,ChIJ2ffh-uLqvzsR4ZGoBs-dmWw,birthday,180,+91 88887 00444,https://maps.google.com/?cid=7825459340028449249,https://www.goldenorchidgoa.com/venues/severina-gardens/,https://lh3.googleusercontent.com/place-photos/ADOriq3zRTDV70HlWMODEOpuxbpLqySt2vyU79iTxnbitawgcOItRVMXtTUshNzml_3jOESdcIrSd4jnNulLrFSS2O10cE72hsc7gJIrn3g5EeO8_ErRIZRqAKnzgghZkGEh17IhPLiv0-3WOf1oPSs=s1600-w400,15.6071436,73.8131841
venue,The Emerald Lawns - Parra,"HQ6R+X6, Betim‚ÄìVerem‚ÄìSaligao Rd, Sateri Nagar Colony, Parra, Goa 403510, India",4.3,ChIJL00321_qvzsRLmb1YxN5s0E,wedding,527,+91 9823111898,https://maps.google.com/?cid=4734260757484889646,NAN,https://lh3.googleusercontent.com/place-photos/ADOriq1fzvOehjfK0T7UDSO3eH-e54WX-yKza-HpNlZTyfx5oKdcKP6JXsQ7G7YeZw0phIUgfUq8y-MtsKU0s9I24PVIbDVP5T7B8Z9y8Bzzr4wJTatkLkXsbtQbiEVUMvrtTAp8ij86jmHUy7b3=s1600-w400,15.5708518,73.7928406
venue,Dr. Nevilles Dance Floor,"Gudi - Paroda, Goa 403714, India",4,ChIJ06LP8YGyvzsRkEgqoJgtbbA,birthday,323,†+91 98221 28844,https://maps.google.com/?cid=12712867456682182800,NAN,https://lh3.googleusercontent.com/places/ANXAkqE2sEch6nirWub_XTHtNIFP4fcRRa-WxmG-gPd7rZ6G3H-AiV5Wo37eWg5NQfN2WWZV_QUXXfItZ29ZN_nQoYozF6-E-nla0-A=s1600-w400,15.2424831,74.0287013
venue,Tomlib Gardens,"near old ghodge house, Korgaon, Goa 403512, India",4.5,ChIJm9tPu_ntvzsRDtxvAhxxtH8,wedding,239,+91 84594 27390,https://maps.google.com/?cid=9202104303738674190,http://www.tomlibgardens.com/,https://lh3.googleusercontent.com/places/ANXAkqGyxIbIwbl4pyvsCMoCgi6jhi8Ql59cqe05PcczF7t2jtmXHxYvvBW8ymRCDyDhg4VxHwPjiFxoDkjJgGXlF7POgLcPCx7yOQ=s1600-w400,15.6916893,73.7697605
venue,Achies Grandeza,"Anthoi, Guirdolim, Chandor, Goa 403714, India",4.4,ChIJwdAOEZStvzsRpI6cn0NY2dQ,birthday,187,+91 88309 24621,https://maps.google.com/?cid=15337387053450825380,NAN,https://lh3.googleusercontent.com/places/ANXAkqF8VWgX3xrDP6KZ9QRU5gKup44ryU8uFC3ZlSyuMdKNYSETADMUoFQXfrTXIjKmC9RG9e7vSM7IxKE4UPJCytow9-9rawFQNWw=s1600-w400,15.2663903,74.0468901
venue,QUATRO BANQUETS | PARTIES | WEDDINGS,"NH 17 Bypass, Verna, Lotli, Goa 403722, India",4.1,ChIJ29HO0ja3vzsR6MffjzzbuTE,wedding,629,+91 98231 34426,https://maps.google.com/?cid=3583136031708268520,NAN,https://lh3.googleusercontent.com/places/ANXAkqGWB-l-_2xhLy2OiVwtjuqxFvSINed1Bv6-fFeYrm8PfzTNse3aI-mk75svoZ4plAZkBvrnILRzEi5BHzCeCH68ZMkGDrd7FDM=s1600-w400,15.3475095,73.9278875
venue,Bella Banquet Hall,"Mangueshi, Panaji - Farmagudi - Margao Hwy Bypass Rd, next to BP petrol pump, Ponda, Goa 403401, India",4.6,ChIJSeZa4Bi7vzsRoCeaVSDYXrI,wedding,80,+91 81498 99220,https://maps.google.com/?cid=12852948019948693408,https://bellabanquethall.in/,https://lh3.googleusercontent.com/places/ANXAkqGxUHOxJLNOzR330P2CgrVt7jmfsX1688dptqsB1020lr1T2pU6KaJ6v2oxhi5wdFxu6GzvMfx56xgQRvprVTcnpXN4WKT2u0E=s1600-w400,15.4498799,73.9691484
venue,BIG Bee banquet halls,"road, Savoi-Verem, Khandola, Goa 403107, India",4.1,ChIJvc0MqIW9vzsRK4tCw21vvjU,wedding,251,+91 70201 26157,https://maps.google.com/?cid=3872655246803241771,NAN,https://lh3.googleusercontent.com/places/ANXAkqFgMAL4Nbhva1YkCBxOQEOh4NGZYFcjAFehXeAgw3xJ6BSDYBqqtpKsO1m8QuRdkbqUbRFCUY5GX_yx4UY3aTXdrNqwpLfIjpU=s1600-w400,15.5144152,73.977751
venue,Mushroom Garden,"728X+WW3, Guirdolim Rd, Moll, Chandor, Guirdolim, Goa 403709, India",3.9,ChIJ6z9kRpStvzsRZizpPWYXACM,wedding,194,+91 8459597205,https://maps.google.com/?cid=2522041519220272230,NAN,https://lh3.googleusercontent.com/place-photos/ADOriq0kXpsbZ3B6cvReMXfy1HPYS_s1CRS_HZBZ9LjLIKlJk5usFmTir50X5HfPH0rLaT2hBmICHVu6ugk_8oAFc38CxUSaMdzh7vwSQhU116Np4TKMn8S_1Urr162CmmpjN71U-E36zTfx31e9DQ=s1600-w400,15.2672714,74.0497871
venue,Daivadnya Bhavan,"7X86+5HW, Margao - Quepem Rd, Calconda, Sanscar Society, Madgaon, Goa 403707, India",4.2,ChIJG3xP0sGzvzsRqYPf2KK4A4g,birthday,1016,+91 832 271 5577,https://maps.google.com/?cid=9800880223651070889,http://daivadnyasamajgoa.org/,https://lh3.googleusercontent.com/place-photos/ADOriq2RnwW4S6_73l35wEyYvXt6XoqOpXjF5z7sDzYPK8PQmpiVPXd4vLtuBBdDmDugd83psDgxbqU7bAo6NO7IU9F5U8Qv6dD1AR8vGylYU6lVjPw50LEnDXplHPgtIEioYFJzOLP6jfYrZVarqg=s1600-w400,15.2654974,73.9614593
venue,BELEKAR ESTATES,"Mapusa -Moira -Aldona Road Bastora, Bardez. 9422395900, Mapusa, Goa 403507, India",4.3,ChIJmXutz2PrvzsRsSZ9ithTOWM,restaurant,405,+91 94223 95900,https://maps.google.com/?cid=7149838072928872113,NAN,https://lh3.googleusercontent.com/places/ANXAkqE_KC8PvNg4vwbK9sV2cnQHezNZ07nP2jlDU5kpEAT9sWn35yiNdTptH-9mFK5TH4gTe0Szjfa00K2X1zOuNdmd6qy8gD8wxKw=s1600-w400,15.5894635,73.8257046
venue,Wild Orchid,"Calata, Girim, Goa 403713, India",4.1,ChIJHVcSyMi2vzsRqA8ryYH0GNE,garden,462,+91 77758 52577,https://maps.google.com/?cid=15067061391630995368,NAN,https://lh3.googleusercontent.com/places/ANXAkqGZoo8h3C7wfEw8csPrqx0ycH25ejfA00ip-N8wEP22qfCAx-jGp99S1owe-SPUyjJCMkevWpsaut79DHKJPkgK1D0aF9Z9D00=s1600-w400,15.3126831,73.9260241
venue,THE UPPER ROOM GOA,"8th floor Silvio Heights, St Inez Rd, opp. ‡§ó‡§µ‡§∞‡•ç‡§®‡§Æ‡•á‡§Ç‡§ü ‡§ï‡•ç‡§µ‡§æ‡§∞‡•ç‡§ü‡§∞‡•ç‡§∏, Panaji, Goa 403001, India",4.5,ChIJefveoMLBvzsRlqLC8IfrHPw,corporate,20,+91 83087 09142,https://maps.google.com/?cid=18166653965998138006,NAN,https://lh3.googleusercontent.com/places/ANXAkqFON8-3DhyzQ6So-FtF5WiA6S45V4EMgG1nl6mkNPWoRywXDZexx-OmSR36ftq9kC2hC0y558skFqGLhTAVnb1L9QtSQP_vgZI=s1600-w400,15.4890759,73.8191342
venue,Joy n Celebrations,"Gansim, Maina, Goa 403108, India",4.4,ChIJV1L5sXC5vzsRhmP2ew83rnc,wedding,103,+91 70309 71251,https://maps.google.com/?cid=8623890876104860550,NAN,https://lh3.googleusercontent.com/places/ANXAkqFt0wtQzvQn5lWYlBDHJk6BFZQgvY1UiuVnjDTD8CXODqiRL8OMWiBFchh5cP13urenaSh4bU5_P556IBiBVtjzpAucN6J56lk=s1600-w400,15.4598709,73.9032866
venue,Alua Verna | Wedding hall in Goa,"House No. 158, National Highway 17, Bypass Road, Near Verna Church Porie Bhatt, Verna, Goa 403722, India",4,ChIJzQBVhjO3vzsRn5tMrnRllKo,wedding,639,+91 87939 11580,https://maps.google.com/?cid=12291560834815794079,NAN,https://lh3.googleusercontent.com/place-photos/ADOriq2ZEIbzpe8H3Rrp1ipEfYqIlpVnHp4QsPkYU9--_NJo3lyqOMpQwRS7m7f0DJ6Dvij9S44SD2L4LIWzwKWVSXiEbxmj687Z23LbPs7RIlCh9MSlI79k5zMUGP1JFs3krEXjPKcSCyJ8Z-pfxg=s1600-w400,15.3476416,73.9325119
venue,George Bay,"Utorda Beach, Francis Pereira Ward, Utorda, Goa 403713, India",4.2,ChIJbRHjKPu2vzsRYEHo0qM_x0M,corporate,330,+91 81779 34884,https://maps.google.com/?cid=4883942293757247840,NAN,https://lh3.googleusercontent.com/places/ANXAkqHkXqqkNNtmUn_UGohjPVLNCXEuzy9RF2IH2NuWcmS7KpY_2JTTpvzRguHK1IuxjKL2lw6WMux3K7LCSnqWrQr3lHScxYbqfl0=s1600-w400,15.3205572,73.9007928
venue,Yeshwant Hall,"Verenkar Nagar, Shanti Nagar, Ponda, Goa 403401, India",4.3,ChIJuSsv4uW7vzsRCBoYgE2smfI,wedding,269,+91 96730 37998,https://maps.google.com/?cid=17481192877476813320,NAN,https://lh3.googleusercontent.com/place-photos/ADOriq2l41gMuvuSHeTZXyaNQEKtmy63zpShsPJsRsv5XwdXudSKXsnjTI5yHY6ACGNllkbb8a_piZkk6KVLhyxugPDwwptI3w5eucExd-dSZSCqloimP7o9F6wh5Pb6J1Az7ssESEHUqR3-pyhh=s1600-w400,15.3981737,74.00913
venue,Crystal Rocks,"Rd.Borim, Loutolim, Goa 403718, India",4,ChIJG2DBMkywvzsRrBp5E5noVyQ,birthday,604,+91 98331 41141,https://maps.google.com/?cid=2618817452493576876,https://instagram.com/_crystal_rocks__?igshid=1p1rndgys73ck,https://lh3.googleusercontent.com/place-photos/ADOriq3DcckuqDANXhkLtviZVFbna0PRMdIXmuv0CUzr0-4q2AG_NxA5XFqZ4Jpk5AJIb_AUOuSC9pjmCvnft5NgYiyGMEVSkw6sKrtaqsd-8oNd1HOXkoWDFMSAgRiWHXdK7JRbkVWRk0hmoBHP=s1600-w400,15.3406113,73.9978715
venue,Pilgaonkar's D'Lila Open Air & Banquet Hall,"JW6J+4FC, opp. to Dlila Family Dining Restaurant, Dicholi, Mulgaon, Goa 403504, India",4.4,ChIJ-3H-mx6VvzsRbSzWHGcXQnA,wedding,207,+91 99600 70065,https://maps.google.com/?cid=8089053612343700589,NAN,https://lh3.googleusercontent.com/place-photos/ADOriq3gxuIunporyL0QONBHN_fnIcIPOojx9SoMXP_M7Ok6j8Pt_NNshJEvOfrrat_C-5MTOFLW3pNzIa7s3gbJMq3Ogg6NsaXi7DnnCVRhpw_XWNS2Oh5oSQeFx_gG6Z_nx3680XMZrp6Bq7IGyEA=s1600-w400,15.6103246,73.9311533
venue,LaTara open air Venue,"Sanquelim‚Äìvelguem‚ÄìSurla-Usgao Rd, Sakhali housing board Colony, Harvale, Goa 403505, India",4.2,ChIJbUu5M8q9vzsRdN_mZ3oIrA0,birthday,38,+91 93729 91717,https://maps.google.com/?cid=985171740309512052,NAN,https://lh3.googleusercontent.com/place-photos/ADOriq1n5lUsvkB8hKimplNTuho9Dl-DA_5ac_Dvy5gmhkAZq5_RaRNF3djLePBqdRI1kKTMI0ffVoB8632L0hOkBuUS3zIP1h5LLIz0SOVF5d9_Ryp_Ep4rdqmM2l--_KR0ANHK6LRfW77XwY3WfA=s1600-w400,15.5580169,74.0218153
venue,Exotic Goa,"F4, 1st Floor, Osia Mall Bldg, Bus Stand, near KTC, Fatorda, Madgaon, Goa 403601, India",4.9,ChIJ-Uh7E-SzvzsRvctU6Ec6qms,corporate,149,+91 98229 71391,https://maps.google.com/?cid=7758077388614060989,http://exoticgoa.in/,https://lh3.googleusercontent.com/place-photos/ADOriq1tWpT1fs7xiDWiHTyeDSKyN-r9BNB-wksFU1jjUxSIPjC5zpv7p1CR1oc2r8uQ4I8kc4lKkgc8xZZdqm9wzRQ8C4rkfwv552HGl7P8wSMwCL70Ny8S6P0y2-B1pcFmu4JaCJwKZH2PCQLe=s1600-w400,15.2860634,73.9562465
venue,Panjim Convention Centre,"Vistar Estates, Opp. 4 Pillar Hotel, Mala Heritage Area, Mala, Panaji, Goa 403001, India",4.3,ChIJk7EPhpnAvzsRRBIU8YHW-Kg,corporate,1309,+91 77190 35111,https://maps.google.com/?cid=12175717446179885636,http://www.panjimconventioncentre.com/,https://lh3.googleusercontent.com/places/ANXAkqFp5dtEG6LT8N8CfAbThGN3-LOtIgxbR3G0x75-3L2Nn1B_RQNKeHz8zWaQtDWVQOZF9vlhP7VdhsXzCvR0gC_7s6c0m3-aYC8=s1600-w400,15.4877313,73.8321164
venue,The Dream Open Air Venue,"Agramorod Paroda Quepem Goa Agramorod, Quepem, Goa 403705, India",4.7,ChIJQ2tqDQCtvzsRlMolbbq1X78,wedding,18,+91 83908 27192,https://maps.google.com/?cid=13789940396331485844,NAN,https://lh3.googleusercontent.com/places/ANXAkqFq2nrclUWnTR-DLvRwfoWqyU6HXK5LWDcgKieABzjSFemW_oDWytMCtQROEFR9v7Z2J3Wcxm1C8y7l-m8z_PTGfTFP5tNijtI=s1600-w400,15.238444,74.031433
venue,Terminal Banquets,"St Inez Rd, Caculo Enclave, Santa Inez, Panaji, Goa 403001, India",4.5,ChIJ5SnnytPBvzsRvA8Q9obtCVE,wedding,36,+91 8048068352,https://maps.google.com/?cid=5839459555772207036,NAN,https://lh3.googleusercontent.com/places/ANXAkqFM3gwQ9MCDInMZZDXia_0OeZzp9yH7F7wZqKt3c1HYvrOhx8w1NMxr3aFsFJTpGrlu5ZBp9zIsvE9Ys9WSIxuhm3w2fFUKhg=s1600-w400,15.4864643,73.8177801
venue,Menezes Lawns Wedding Hall,"Mapusa ‚Äì Moira - Aldona, Bastora, Guirim, Goa 403507, India",4.2,ChIJV7oe6tvqvzsR_mjUBMMotAM,wedding,416,+91 98229 01884,https://maps.google.com/?cid=266883095986465022,http://www.menezeslawns.com/,https://lh3.googleusercontent.com/place-photos/ADOriq1_yV1FeQ7Ysuc4o4DrcKBBSYmnF0cbGsxL6NPasXtedJEW1g4rMCRya-8T6K-vjgEkH7AcDxnmlpHLVBzJrgQSIOg3VKDP63feLRRbTI-NM_NSvi9EKtEIO59mLenZXlJaRJH_cpBbAxkutg=s1600-w400,15.5888149,73.8256496
